/*
 Navicat Premium Data Transfer

 Source Server         : localhost
 Source Server Type    : MySQL
 Source Server Version : 80031 (8.0.31)
 Source Host           : localhost:3306
 Source Schema         : school_temp

 Target Server Type    : MySQL
 Target Server Version : 80031 (8.0.31)
 File Encoding         : 65001

 Date: 21/01/2025 14:34:47
*/

SET NAMES utf8mb4;
SET FOREIGN_KEY_CHECKS = 0;

-- ----------------------------
-- Records of finance_account
-- ----------------------------
BEGIN;
INSERT INTO `finance_account` (`id`, `name`, `phone`, `person_name`, `person_mobile`, `fax`, `create_date`, `address`, `fisrt_payable`) VALUES (14208, 'شیدا ححیدری سلطانیی', NULL, 'شیدا ححیدری سلطانیی', NULL, NULL, '2025-01-21 00:00:00', NULL, 0), (14209, 'شادي ترك زاده اشني', NULL, 'شادي ترك زاده اشني', NULL, NULL, '2025-01-21 00:00:00', NULL, 0), (14210, 'زينب شكراللهي يانچشمه', NULL, 'زينب شكراللهي يانچشمه', NULL, NULL, '2025-01-21 00:00:00', NULL, 0), (14211, 'ریحانه کاظمی', NULL, 'ریحانه کاظمی', NULL, NULL, '2025-01-21 00:00:00', NULL, 0), (14212, 'سمیه جلالی جلال آبادی', NULL, 'سمیه جلالی جلال آبادی', NULL, NULL, '2025-01-21 00:00:00', NULL, 0), (14213, 'سید مرضیه طهماسبی', NULL, 'سید مرضیه طهماسبی', NULL, NULL, '2025-01-21 00:00:00', NULL, 0), (14214, 'الينا قلاني', NULL, 'الينا قلاني', NULL, NULL, '2025-01-21 00:00:00', NULL, 0), (14215, 'فاطمه گلبي قلعهء', NULL, 'فاطمه گلبي قلعهء', NULL, NULL, '2025-01-21 00:00:00', NULL, 0), (14216, 'شادي كرمي', NULL, 'شادي كرمي', NULL, NULL, '2025-01-21 00:00:00', NULL, 0), (14217, 'زهرا  مرادی', NULL, 'زهرا  مرادی', NULL, NULL, '2025-01-21 00:00:00', NULL, 0), (14218, 'زهرا مرادي', NULL, 'زهرا مرادي', NULL, NULL, '2025-01-21 00:00:00', NULL, 0), (14219, 'زهرا محمدی', NULL, 'زهرا محمدی', NULL, NULL, '2025-01-21 00:00:00', NULL, 0), (14220, 'كيميا كاظمي', NULL, 'كيميا كاظمي', NULL, NULL, '2025-01-21 00:00:00', NULL, 0), (14221, 'زهرا مهدي چهل خانه', NULL, 'زهرا مهدي چهل خانه', NULL, NULL, '2025-01-21 00:00:00', NULL, 0), (14222, 'مریم گرامی', NULL, 'مریم گرامی', NULL, NULL, '2025-01-21 00:00:00', NULL, 0), (14223, 'مهسا مهربان گهروئي', NULL, 'مهسا مهربان گهروئي', NULL, NULL, '2025-01-21 00:00:00', NULL, 0), (14224, 'زهرا حدادي بيستگاني', NULL, 'زهرا حدادي بيستگاني', NULL, NULL, '2025-01-21 00:00:00', NULL, 0), (14225, 'آتنا عباسي كله مسلماني', NULL, 'آتنا عباسي كله مسلماني', NULL, NULL, '2025-01-21 00:00:00', NULL, 0), (14226, 'نرگس صدري', NULL, 'نرگس صدري', NULL, NULL, '2025-01-21 00:00:00', NULL, 0), (14227, 'مريم آقائي سميرمي', NULL, 'مريم آقائي سميرمي', NULL, NULL, '2025-01-21 00:00:00', NULL, 0), (14228, 'مرجان زارعي شمس آبادي', NULL, 'مرجان زارعي شمس آبادي', NULL, NULL, '2025-01-21 00:00:00', NULL, 0), (14229, 'منصوره وكيلي', NULL, 'منصوره وكيلي', NULL, NULL, '2025-01-21 00:00:00', NULL, 0), (14230, 'زهرا  سعیدی', NULL, 'زهرا  سعیدی', NULL, NULL, '2025-01-21 00:00:00', NULL, 0), (14231, 'عاطفه موسوی نهرخلجی', NULL, 'عاطفه موسوی نهرخلجی', NULL, NULL, '2025-01-21 00:00:00', NULL, 0), (14232, 'شيوا پرويزي', NULL, 'شيوا پرويزي', NULL, NULL, '2025-01-21 00:00:00', NULL, 0), (14233, 'فاطمه صحرائي', NULL, 'فاطمه صحرائي', NULL, NULL, '2025-01-21 00:00:00', NULL, 0), (14234, 'زهرا صادقي', NULL, 'زهرا صادقي', NULL, NULL, '2025-01-21 00:00:00', NULL, 0), (14235, 'مينا احمدي جو', NULL, 'مينا احمدي جو', NULL, NULL, '2025-01-21 00:00:00', NULL, 0), (14236, 'زهرا مختاري مقدم', NULL, 'زهرا مختاري مقدم', NULL, NULL, '2025-01-21 00:00:00', NULL, 0), (14237, 'فاطمه باقرزاده', NULL, 'فاطمه باقرزاده', NULL, NULL, '2025-01-21 00:00:00', NULL, 0), (14238, 'ملیکا ژیلانسب', NULL, 'ملیکا ژیلانسب', NULL, NULL, '2025-01-21 00:00:00', NULL, 0), (14239, 'زهرا كارآور', NULL, 'زهرا كارآور', NULL, NULL, '2025-01-21 00:00:00', NULL, 0), (14240, 'الهه رئیسی وستگانی', NULL, 'الهه رئیسی وستگانی', NULL, NULL, '2025-01-21 00:00:00', NULL, 0), (14241, 'مبینا سادات شاه زیدی', NULL, 'مبینا سادات شاه زیدی', NULL, NULL, '2025-01-21 00:00:00', NULL, 0), (14242, 'نرجس طالبی', NULL, 'نرجس طالبی', NULL, NULL, '2025-01-21 00:00:00', NULL, 0), (14243, 'سارا مسعودي', NULL, 'سارا مسعودي', NULL, NULL, '2025-01-21 00:00:00', NULL, 0), (14244, 'پریناز اینالویی', NULL, 'پریناز اینالویی', NULL, NULL, '2025-01-21 00:00:00', NULL, 0), (14245, 'سارا صابری زفرقندی', NULL, 'سارا صابری زفرقندی', NULL, NULL, '2025-01-21 00:00:00', NULL, 0), (14246, 'آتنا قاسمي تبار', NULL, 'آتنا قاسمي تبار', NULL, NULL, '2025-01-21 00:00:00', NULL, 0), (14247, 'محدیث غلامی سمسوری', NULL, 'محدیث غلامی سمسوری', NULL, NULL, '2025-01-21 00:00:00', NULL, 0), (14248, 'فاطمه خالقی', NULL, 'فاطمه خالقی', NULL, NULL, '2025-01-21 00:00:00', NULL, 0), (14249, 'سارا دهاقانی', NULL, 'سارا دهاقانی', NULL, NULL, '2025-01-21 00:00:00', NULL, 0), (14250, 'ريحانه سادات سلطاني اورگاني', NULL, 'ريحانه سادات سلطاني اورگاني', NULL, NULL, '2025-01-21 00:00:00', NULL, 0), (14251, 'فاطمه رشیدی', NULL, 'فاطمه رشیدی', NULL, NULL, '2025-01-21 00:00:00', NULL, 0), (14252, 'بهار جعفري', NULL, 'بهار جعفري', NULL, NULL, '2025-01-21 00:00:00', NULL, 0), (14253, 'نازنين حياتي دهلقي', NULL, 'نازنين حياتي دهلقي', NULL, NULL, '2025-01-21 00:00:00', NULL, 0), (14254, 'فاطمه نوري', NULL, 'فاطمه نوري', NULL, NULL, '2025-01-21 00:00:00', NULL, 0), (14255, 'پرنيا جهانگيري نسب', NULL, 'پرنيا جهانگيري نسب', NULL, NULL, '2025-01-21 00:00:00', NULL, 0), (14256, 'عصمت زارعان آدرمنابادي', NULL, 'عصمت زارعان آدرمنابادي', NULL, NULL, '2025-01-21 00:00:00', NULL, 0), (14257, 'مائده حيدري', NULL, 'مائده حيدري', NULL, NULL, '2025-01-21 00:00:00', NULL, 0), (14258, 'مایده شجاعی جشوقانی', NULL, 'مایده شجاعی جشوقانی', NULL, NULL, '2025-01-21 00:00:00', NULL, 0), (14259, 'مهسا رسولي', NULL, 'مهسا رسولي', NULL, NULL, '2025-01-21 00:00:00', NULL, 0), (14260, 'زینب حقیقی زاده', NULL, 'زینب حقیقی زاده', NULL, NULL, '2025-01-21 00:00:00', NULL, 0), (14261, 'نيلوفر هژيراطهر', NULL, 'نيلوفر هژيراطهر', NULL, NULL, '2025-01-21 00:00:00', NULL, 0), (14262, 'صبا اميرحاجلو', NULL, 'صبا اميرحاجلو', NULL, NULL, '2025-01-21 00:00:00', NULL, 0), (14263, 'فاطمه غلامي فشاركي', NULL, 'فاطمه غلامي فشاركي', NULL, NULL, '2025-01-21 00:00:00', NULL, 0), (14264, 'دینا محمودی', NULL, 'دینا محمودی', NULL, NULL, '2025-01-21 00:00:00', NULL, 0), (14265, 'كوثر مطلبي فشاركي', NULL, 'كوثر مطلبي فشاركي', NULL, NULL, '2025-01-21 00:00:00', NULL, 0), (14266, 'زكيه نصرآزاداني', NULL, 'زكيه نصرآزاداني', NULL, NULL, '2025-01-21 00:00:00', NULL, 0), (14267, 'نگار پورياي ولي', NULL, 'نگار پورياي ولي', NULL, NULL, '2025-01-21 00:00:00', NULL, 0), (14268, 'الناز بیات', NULL, 'الناز بیات', NULL, NULL, '2025-01-21 00:00:00', NULL, 0), (14269, 'الناز بيات', NULL, 'الناز بيات', NULL, NULL, '2025-01-21 00:00:00', NULL, 0), (14270, 'زهرا قجاوندبلتيجه', NULL, 'زهرا قجاوندبلتيجه', NULL, NULL, '2025-01-21 00:00:00', NULL, 0), (14271, 'حديث كريم زاده باردئي', NULL, 'حديث كريم زاده باردئي', NULL, NULL, '2025-01-21 00:00:00', NULL, 0), (14272, 'ملينا معيني كربكندي', NULL, 'ملينا معيني كربكندي', NULL, NULL, '2025-01-21 00:00:00', NULL, 0), (14273, 'روژينا شمسي', NULL, 'روژينا شمسي', NULL, NULL, '2025-01-21 00:00:00', NULL, 0), (14274, 'مليكا اكبري مورناني', NULL, 'مليكا اكبري مورناني', NULL, NULL, '2025-01-21 00:00:00', NULL, 0), (14275, 'مائده سرلك چيوا', NULL, 'مائده سرلك چيوا', NULL, NULL, '2025-01-21 00:00:00', NULL, 0), (14276, 'زهراسادات موسوي خرزوقي', NULL, 'زهراسادات موسوي خرزوقي', NULL, NULL, '2025-01-21 00:00:00', NULL, 0), (14277, 'آتنا كريمي', NULL, 'آتنا كريمي', NULL, NULL, '2025-01-21 00:00:00', NULL, 0), (14278, 'دنيا رمضاني دستجردي', NULL, 'دنيا رمضاني دستجردي', NULL, NULL, '2025-01-21 00:00:00', NULL, 0), (14279, 'رونيكا عباس پور', NULL, 'رونيكا عباس پور', NULL, NULL, '2025-01-21 00:00:00', NULL, 0), (14280, 'مونا رئيسي فرد', NULL, 'مونا رئيسي فرد', NULL, NULL, '2025-01-21 00:00:00', NULL, 0), (14281, 'ياسمن كياني ابري', NULL, 'ياسمن كياني ابري', NULL, NULL, '2025-01-21 00:00:00', NULL, 0), (14282, 'نگار الماسي', NULL, 'نگار الماسي', NULL, NULL, '2025-01-21 00:00:00', NULL, 0), (14283, 'شيدا حيدري', NULL, 'شيدا حيدري', NULL, NULL, '2025-01-21 00:00:00', NULL, 0), (14284, 'روژان مهدي راكي', NULL, 'روژان مهدي راكي', NULL, NULL, '2025-01-21 00:00:00', NULL, 0), (14285, 'مانيا مرتضائي دمآبي', NULL, 'مانيا مرتضائي دمآبي', NULL, NULL, '2025-01-21 00:00:00', NULL, 0), (14286, 'تبسم بيات', NULL, 'تبسم بيات', NULL, NULL, '2025-01-21 00:00:00', NULL, 0), (14287, 'مهسا مطیعی جشوقانی', NULL, 'مهسا مطیعی جشوقانی', NULL, NULL, '2025-01-21 00:00:00', NULL, 0), (14288, 'فائزه صفدريان', NULL, 'فائزه صفدريان', NULL, NULL, '2025-01-21 00:00:00', NULL, 0), (14289, 'ريحانه سادات اسدي', NULL, 'ريحانه سادات اسدي', NULL, NULL, '2025-01-21 00:00:00', NULL, 0), (14290, 'يگانه عابدي جوني', NULL, 'يگانه عابدي جوني', NULL, NULL, '2025-01-21 00:00:00', NULL, 0), (14291, 'مبينا احمدي', NULL, 'مبينا احمدي', NULL, NULL, '2025-01-21 00:00:00', NULL, 0), (14292, 'مهشيد بخشي', NULL, 'مهشيد بخشي', NULL, NULL, '2025-01-21 00:00:00', NULL, 0), (14293, 'پارميس مصباح', NULL, 'پارميس مصباح', NULL, NULL, '2025-01-21 00:00:00', NULL, 0), (14294, 'مليكا طالبي اسمعيلان', NULL, 'مليكا طالبي اسمعيلان', NULL, NULL, '2025-01-21 00:00:00', NULL, 0), (14295, 'مارال خرمي', NULL, 'مارال خرمي', NULL, NULL, '2025-01-21 00:00:00', NULL, 0), (14296, 'محدثه اوليائي', NULL, 'محدثه اوليائي', NULL, NULL, '2025-01-21 00:00:00', NULL, 0), (14297, 'مهسا فتوح', NULL, 'مهسا فتوح', NULL, NULL, '2025-01-21 00:00:00', NULL, 0), (14298, 'مائده موسوي زاده', NULL, 'مائده موسوي زاده', NULL, NULL, '2025-01-21 00:00:00', NULL, 0), (14299, 'ستايش سلطاني', NULL, 'ستايش سلطاني', NULL, NULL, '2025-01-21 00:00:00', NULL, 0), (14300, 'پرنيا شعباني افاراني', NULL, 'پرنيا شعباني افاراني', NULL, NULL, '2025-01-21 00:00:00', NULL, 0), (14301, 'نكيسا آتشگران خوزاني', NULL, 'نكيسا آتشگران خوزاني', NULL, NULL, '2025-01-21 00:00:00', NULL, 0), (14302, 'نرگس قره داغي رزوه', NULL, 'نرگس قره داغي رزوه', NULL, NULL, '2025-01-21 00:00:00', NULL, 0), (14303, 'مهديه اصلاني كرچي', NULL, 'مهديه اصلاني كرچي', NULL, NULL, '2025-01-21 00:00:00', NULL, 0), (14304, 'هستي پورسردار', NULL, 'هستي پورسردار', NULL, NULL, '2025-01-21 00:00:00', NULL, 0), (14305, 'زهرا بهرامي', NULL, 'زهرا بهرامي', NULL, NULL, '2025-01-21 00:00:00', NULL, 0), (14306, 'حديث خليليان پوربيدآبادي', NULL, 'حديث خليليان پوربيدآبادي', NULL, NULL, '2025-01-21 00:00:00', NULL, 0), (14307, 'زهرا بهارلوئي', NULL, 'زهرا بهارلوئي', NULL, NULL, '2025-01-21 00:00:00', NULL, 0), (14308, 'راضیه رضایی قلعه تکی', NULL, 'راضیه رضایی قلعه تکی', NULL, NULL, '2025-01-21 00:00:00', NULL, 0), (14309, 'راضيه رضائي قلعه تكي', NULL, 'راضيه رضائي قلعه تكي', NULL, NULL, '2025-01-21 00:00:00', NULL, 0), (14310, 'شكيلا كلانتري دهقي', NULL, 'شكيلا كلانتري دهقي', NULL, NULL, '2025-01-21 00:00:00', NULL, 0), (14311, 'آرزو طراحان', NULL, 'آرزو طراحان', NULL, NULL, '2025-01-21 00:00:00', NULL, 0), (14312, 'نازنين زهرا داوري دولت آبادي', NULL, 'نازنين زهرا داوري دولت آبادي', NULL, NULL, '2025-01-21 00:00:00', NULL, 0), (14313, 'هستي محمدي آشياني', NULL, 'هستي محمدي آشياني', NULL, NULL, '2025-01-21 00:00:00', NULL, 0), (14314, 'پرنيا جرياني', NULL, 'پرنيا جرياني', NULL, NULL, '2025-01-21 00:00:00', NULL, 0), (14315, 'مهديس مرادي كلبي بيگي', NULL, 'مهديس مرادي كلبي بيگي', NULL, NULL, '2025-01-21 00:00:00', NULL, 0), (14316, 'هستي روحاني قهساره', NULL, 'هستي روحاني قهساره', NULL, NULL, '2025-01-21 00:00:00', NULL, 0), (14317, 'فاطمه بزرگي علي آبادي', NULL, 'فاطمه بزرگي علي آبادي', NULL, NULL, '2025-01-21 00:00:00', NULL, 0), (14318, 'نگين رضائي مزرعه', NULL, 'نگين رضائي مزرعه', NULL, NULL, '2025-01-21 00:00:00', NULL, 0), (14319, 'النا كورنگي', NULL, 'النا كورنگي', NULL, NULL, '2025-01-21 00:00:00', NULL, 0), (14320, 'پریناز یزدانی', NULL, 'پریناز یزدانی', NULL, NULL, '2025-01-21 00:00:00', NULL, 0), (14321, 'شيماء جادري', NULL, 'شيماء جادري', NULL, NULL, '2025-01-21 00:00:00', NULL, 0), (14322, 'سمیه رنجکش ادرمنابادی', NULL, 'سمیه رنجکش ادرمنابادی', NULL, NULL, '2025-01-21 00:00:00', NULL, 0), (14323, 'زينب عابدپوردهاقاني', NULL, 'زينب عابدپوردهاقاني', NULL, NULL, '2025-01-21 00:00:00', NULL, 0), (14324, 'فاطمه اعرابي', NULL, 'فاطمه اعرابي', NULL, NULL, '2025-01-21 00:00:00', NULL, 0), (14325, 'مريم سنجري مورچگاني', NULL, 'مريم سنجري مورچگاني', NULL, NULL, '2025-01-21 00:00:00', NULL, 0), (14326, 'فرزانه محمدخاني', NULL, 'فرزانه محمدخاني', NULL, NULL, '2025-01-21 00:00:00', NULL, 0), (14327, 'طاهره سنجري مورچگاني', NULL, 'طاهره سنجري مورچگاني', NULL, NULL, '2025-01-21 00:00:00', NULL, 0), (14328, 'ساره ملک محمدی', NULL, 'ساره ملک محمدی', NULL, NULL, '2025-01-21 00:00:00', NULL, 0), (14329, 'عسل خدابخش', NULL, 'عسل خدابخش', NULL, NULL, '2025-01-21 00:00:00', NULL, 0), (14330, 'تارا طهماسبي زاده', NULL, 'تارا طهماسبي زاده', NULL, NULL, '2025-01-21 00:00:00', NULL, 0), (14331, 'سارا طاهری مفرد', NULL, 'سارا طاهری مفرد', NULL, NULL, '2025-01-21 00:00:00', NULL, 0), (14332, 'افسانه سلطاني منصورنژاد', NULL, 'افسانه سلطاني منصورنژاد', NULL, NULL, '2025-01-21 00:00:00', NULL, 0), (14333, 'سوگند شريفي قاسمي', NULL, 'سوگند شريفي قاسمي', NULL, NULL, '2025-01-21 00:00:00', NULL, 0), (14334, 'شقایق همایون پور', NULL, 'شقایق همایون پور', NULL, NULL, '2025-01-21 00:00:00', NULL, 0), (14335, 'سكينه كرمي', NULL, 'سكينه كرمي', NULL, NULL, '2025-01-21 00:00:00', NULL, 0), (14336, 'هستي فتحي هرسيني', NULL, 'هستي فتحي هرسيني', NULL, NULL, '2025-01-21 00:00:00', NULL, 0), (14337, 'مژگان رضایی', NULL, 'مژگان رضایی', NULL, NULL, '2025-01-21 00:00:00', NULL, 0), (14338, 'گلزاده والانیک', NULL, 'گلزاده والانیک', NULL, NULL, '2025-01-21 00:00:00', NULL, 0), (14339, 'زينب رمضاني گهروئي', NULL, 'زينب رمضاني گهروئي', NULL, NULL, '2025-01-21 00:00:00', NULL, 0), (14340, 'پريسا رسولي هاروني', NULL, 'پريسا رسولي هاروني', NULL, NULL, '2025-01-21 00:00:00', NULL, 0), (14341, 'رضوان اصغرزاده', NULL, 'رضوان اصغرزاده', NULL, NULL, '2025-01-21 00:00:00', NULL, 0), (14342, 'مرضيه شهراني كراني', NULL, 'مرضيه شهراني كراني', NULL, NULL, '2025-01-21 00:00:00', NULL, 0), (14343, 'سولماز درشوري', NULL, 'سولماز درشوري', NULL, NULL, '2025-01-21 00:00:00', NULL, 0), (14344, 'فاطمه حاتمي پور', NULL, 'فاطمه حاتمي پور', NULL, NULL, '2025-01-21 00:00:00', NULL, 0), (14345, 'عفت صادقي', NULL, 'عفت صادقي', NULL, NULL, '2025-01-21 00:00:00', NULL, 0), (14346, 'شهناز احمدی دستجردی', NULL, 'شهناز احمدی دستجردی', NULL, NULL, '2025-01-21 00:00:00', NULL, 0), (14347, 'بيتا نوري امامزاده', NULL, 'بيتا نوري امامزاده', NULL, NULL, '2025-01-21 00:00:00', NULL, 0), (14348, 'زهرا کاظم زاده', NULL, 'زهرا کاظم زاده', NULL, NULL, '2025-01-21 00:00:00', NULL, 0), (14349, 'مريم امامي گشنيزجاني', NULL, 'مريم امامي گشنيزجاني', NULL, NULL, '2025-01-21 00:00:00', NULL, 0), (14350, 'پریسا رفیعی', NULL, 'پریسا رفیعی', NULL, NULL, '2025-01-21 00:00:00', NULL, 0), (14351, 'سحر محرابي', NULL, 'سحر محرابي', NULL, NULL, '2025-01-21 00:00:00', NULL, 0), (14352, 'پريسا رفيعي مياندشتي', NULL, 'پريسا رفيعي مياندشتي', NULL, NULL, '2025-01-21 00:00:00', NULL, 0), (14353, 'سمیه سرایی', NULL, 'سمیه سرایی', NULL, NULL, '2025-01-21 00:00:00', NULL, 0), (14354, 'زهرا شكيبا', NULL, 'زهرا شكيبا', NULL, NULL, '2025-01-21 00:00:00', NULL, 0), (14355, 'ساناز ميرزائي', NULL, 'ساناز ميرزائي', NULL, NULL, '2025-01-21 00:00:00', NULL, 0), (14356, 'سودابه رحیمی', NULL, 'سودابه رحیمی', NULL, NULL, '2025-01-21 00:00:00', NULL, 0), (14357, 'ثریا محمدی', NULL, 'ثریا محمدی', NULL, NULL, '2025-01-21 00:00:00', NULL, 0), (14358, 'زینب قلی زاده', NULL, 'زینب قلی زاده', NULL, NULL, '2025-01-21 00:00:00', NULL, 0), (14359, 'مبینا رسولی', NULL, 'مبینا رسولی', NULL, NULL, '2025-01-21 00:00:00', NULL, 0), (14360, 'ثریا نوروزی', NULL, 'ثریا نوروزی', NULL, NULL, '2025-01-21 00:00:00', NULL, 0), (14361, 'حمیرا مرادی', NULL, 'حمیرا مرادی', NULL, NULL, '2025-01-21 00:00:00', NULL, 0), (14362, 'فاطمه نیک زاد', NULL, 'فاطمه نیک زاد', NULL, NULL, '2025-01-21 00:00:00', NULL, 0), (14363, 'نرگس رضایی', NULL, 'نرگس رضایی', NULL, NULL, '2025-01-21 00:00:00', NULL, 0), (14364, 'ذاکره حسن زاده', NULL, 'ذاکره حسن زاده', NULL, NULL, '2025-01-21 00:00:00', NULL, 0);
COMMIT;

-- ----------------------------
-- Records of finance_account_bank
-- ----------------------------
BEGIN;
INSERT INTO `finance_account_bank` (`id`, `name`, `bank_id`, `first_amount`, `is_cash`) VALUES (1, 'حساب مرکزی', 1, 0, b'0'), (2, 'صندوق', NULL, 0, b'1');
COMMIT;

-- ----------------------------
-- Records of finance_bank
-- ----------------------------
BEGIN;
INSERT INTO `finance_bank` (`id`, `name`) VALUES (1, 'ملی'), (2, 'صادرات'), (3, 'مسکن'), (4, 'سپه');
COMMIT;

-- ----------------------------
-- Records of finance_check
-- ----------------------------
BEGIN;
COMMIT;

-- ----------------------------
-- Records of finance_check_status
-- ----------------------------
BEGIN;
INSERT INTO `finance_check_status` (`id`, `name`) VALUES (1, 'برگشت خورده'), (2, 'پاس شده'), (3, 'اولیه');
COMMIT;

-- ----------------------------
-- Records of finance_factor
-- ----------------------------
BEGIN;
INSERT INTO `finance_factor` (`id`, `account_person_id`, `amount`, `create_date`, `description`, `type_id`) VALUES (34027, 14301, -25400000, '2025-01-21 00:00:00', NULL, 1);
COMMIT;

-- ----------------------------
-- Records of finance_factor_type
-- ----------------------------
BEGIN;
INSERT INTO `finance_factor_type` (`id`, `name`) VALUES (1, 'هزینه ثبت نام'), (2, 'هزینه صدور کارت');
COMMIT;

-- ----------------------------
-- Records of finance_receive_pay_type
-- ----------------------------
BEGIN;
INSERT INTO `finance_receive_pay_type` (`id`, `name`) VALUES (1, 'نقدی'), (2, 'pos'), (3, 'فیش بانکی'), (4, 'پاس شدن چک');
COMMIT;

-- ----------------------------
-- Records of finance_receive_payment
-- ----------------------------
BEGIN;
COMMIT;

-- ----------------------------
-- Records of reg_base
-- ----------------------------
BEGIN;
INSERT INTO `reg_base` (`base_id`, `base_name`) VALUES (1, 'پايه هفتم'), (2, 'پايه هشتم'), (3, 'پايه نهم'), (4, 'پايه دهم'), (5, 'پايه يازدهم'), (6, 'پايه دوازدهم');
COMMIT;

-- ----------------------------
-- Records of reg_base_level
-- ----------------------------
BEGIN;
COMMIT;

-- ----------------------------
-- Records of reg_course
-- ----------------------------
BEGIN;
COMMIT;

-- ----------------------------
-- Records of reg_course_field
-- ----------------------------
BEGIN;
COMMIT;

-- ----------------------------
-- Records of reg_exam_course
-- ----------------------------
BEGIN;
COMMIT;

-- ----------------------------
-- Records of reg_exam_hour_config
-- ----------------------------
BEGIN;
INSERT INTO `reg_exam_hour_config` (`hour_title`) VALUES ('10 صبح'), ('10:30 صبح'), ('14 عصر'), ('15:30 عصر'), ('16 عصر'), ('17 عصر'), ('17:30 عصر'), ('7 صبح'), ('8 صبح'), ('9:30 صبح');
COMMIT;

-- ----------------------------
-- Records of reg_exam_kart_config
-- ----------------------------
BEGIN;
INSERT INTO `reg_exam_kart_config` (`id`, `manager_name`, `school_name`, `exam_location`) VALUES (1, 'هما قاسمی پور', 'مدرسه راه دور همای سعات', 'مدرسه راه دور همای سعات');
COMMIT;

-- ----------------------------
-- Records of reg_exam_time
-- ----------------------------
BEGIN;
COMMIT;

-- ----------------------------
-- Records of reg_field
-- ----------------------------
BEGIN;
INSERT INTO `reg_field` (`id`, `name`) VALUES (1, 'ریاضی فیزیک'), (2, 'علوم تجربی'), (3, 'ادبیات و علوم انسانی'), (4, 'گرافیک رایانه ای'), (5, 'متوسطه اول'), (7, 'معماری داخلی'), (8, 'مدیریت و برنامه ریزی امور خانواده'), (9, 'عکاسی دیجیتال'), (10, 'تولید محتوای آموزشی الکترونیکی'), (11, 'نقاشی ایرانی'), (12, 'گل گیاه زینتی'), (13, 'دستیار طراحی لباس'), (14, 'مدیریت خانواده'), (15, 'تولید محتوا'), (18, 'مدیریت آشپزی و قنادی');
COMMIT;

-- ----------------------------
-- Records of reg_identifier_code
-- ----------------------------
BEGIN;
INSERT INTO `reg_identifier_code` (`id`, `name`) VALUES (1, 'الف'), (2, 'ب'), (3, 'پ'), (4, 'ت'), (5, 'ث'), (6, 'ج'), (7, 'چ'), (8, 'ح'), (9, 'خ'), (10, 'د'), (11, 'ذ'), (12, 'ر'), (13, 'ز'), (14, 'ژ'), (15, 'س'), (16, 'ش'), (17, 'ص'), (18, 'ض'), (19, 'ط'), (20, 'ظ'), (21, 'ع'), (22, 'غ'), (23, 'ف'), (24, 'ق'), (25, 'ک'), (26, 'گ'), (27, 'ل'), (28, 'م'), (29, 'ن'), (30, 'و'), (31, 'ه'), (32, 'ی'), (42, 'یک المثني'), (43, ' دو المثني'), (44, 'سه المثني'), (45, 'چهار المثني'), (46, 'پنج المثني'), (47, 'شش المثني'), (48, 'هفت المثني'), (49, 'هشت المثني'), (50, 'نه المثني'), (51, 'ده المثني'), (52, 'يازده المثني'), (53, 'دوازده المثني');
COMMIT;

-- ----------------------------
-- Records of reg_level
-- ----------------------------
BEGIN;
INSERT INTO `reg_level` (`id`, `name`) VALUES (1, 'دوره اول متوسطه'), (2, 'دوره دوم متوسطه'), (4, 'پیش دانشگاهی'), (5, 'تعریف نشده');
COMMIT;

-- ----------------------------
-- Records of reg_organization
-- ----------------------------
BEGIN;
INSERT INTO `reg_organization` (`id`, `name`) VALUES (1, 'مرکزی');
COMMIT;

-- ----------------------------
-- Records of reg_persian_day
-- ----------------------------
BEGIN;
INSERT INTO `reg_persian_day` (`id`, `name`) VALUES (0, 'دوشنبه'), (1, 'سه شنبه'), (2, 'چهارشنبه'), (3, 'پنجشنبه'), (4, 'جمعه'), (5, 'شنبه'), (6, 'یکشنبه');
COMMIT;

-- ----------------------------
-- Records of reg_receivable
-- ----------------------------
BEGIN;
INSERT INTO `reg_receivable` (`id`, `finance_factor_id`, `create_date`, `reg_id`) VALUES (34028, 34027, '2025-01-21 00:00:00', 34029);
COMMIT;

-- ----------------------------
-- Records of reg_reg_check
-- ----------------------------
BEGIN;
COMMIT;

-- ----------------------------
-- Records of reg_reg_course
-- ----------------------------
BEGIN;
COMMIT;

-- ----------------------------
-- Records of reg_reg_payment
-- ----------------------------
BEGIN;
COMMIT;

-- ----------------------------
-- Records of reg_registration
-- ----------------------------
BEGIN;
INSERT INTO `reg_registration` (`id`, `reg_date`, `st_id`, `field_id`, `term_id`, `level_id`, `theory_units`, `actional_units`, `fix_salary`, `actional_salary`, `theory_salary`, `other_salary_comment`, `other_salary_amount`, `total_salary`, `off_amount`, `off_comment`, `base_id`) VALUES (34029, '2025-01-21 00:00:00', 1275456006, 1, 9332, 2, 18.00, 108, 2000000, 0, 1300000, NULL, 0, 25400000, 0, NULL, NULL);
COMMIT;

-- ----------------------------
-- Records of reg_salary_param
-- ----------------------------
BEGIN;
INSERT INTO `reg_salary_param` (`term_id`, `level_id`, `fix_salary`, `action_salary`, `theory_salary`, `ac_th_rate`) VALUES (9332, 1, 2000000, 0, 1200000, NULL), (9332, 2, 2000000, 0, 1300000, NULL);
COMMIT;

-- ----------------------------
-- Records of reg_school
-- ----------------------------
BEGIN;
COMMIT;

-- ----------------------------
-- Records of reg_student
-- ----------------------------
BEGIN;
INSERT INTO `reg_student` (`name`, `famili`, `national_code`, `identifier_code`, `identifier_serial`, `identifier_char`, `student_code`, `father_name`, `date_of_birth`, `description`, `status_id`, `org_unit_id`, `created_date`, `last_modified`, `level_id_last`, `field_id_last`, `address`, `mobile`, `phone`, `archive_code`, `pish_madrak`, `diplom_madrak`) VALUES ('فاطمه', 'گلبي قلعهء', '112247687', NULL, NULL, 0, 112247687, 'امير', NULL, 'حسابداري مالي', 1, 1, '2025-01-21 00:00:00', '2025-01-21 00:00:00', NULL, NULL, NULL, NULL, NULL, NULL, NULL, NULL), ('پریسا', 'رفیعی', '620080200', NULL, NULL, 0, 620080200, 'احمد', NULL, 'تولید محتوا', 1, 1, '2025-01-21 00:00:00', '2025-01-21 00:00:00', NULL, NULL, NULL, NULL, NULL, NULL, NULL, NULL), ('شیدا', 'ححیدری سلطانیی', '1080712399', NULL, NULL, 0, 1080712399, 'غلامعلی', NULL, 'ادبیات', 1, 1, '2025-01-21 00:00:00', '2025-01-21 00:00:00', NULL, NULL, NULL, NULL, NULL, NULL, NULL, NULL), ('شادي', 'ترك زاده اشني', '1080863001', NULL, NULL, 0, 1080863001, 'عبداله', NULL, 'حسابداري مالي', 1, 1, '2025-01-21 00:00:00', '2025-01-21 00:00:00', NULL, NULL, NULL, NULL, NULL, NULL, NULL, NULL), ('زينب', 'شكراللهي يانچشمه', '1080891781', NULL, NULL, 0, 1080891781, 'محسن', NULL, 'تولید محتوای آموزشی الکترونیکی', 1, 1, '2025-01-21 00:00:00', '2025-01-21 00:00:00', NULL, NULL, NULL, NULL, NULL, NULL, NULL, NULL), ('ریحانه', 'کاظمی', '1100760318', NULL, NULL, 0, 1100760318, 'حسن', NULL, 'اشپزی', 1, 1, '2025-01-21 00:00:00', '2025-01-21 00:00:00', NULL, NULL, NULL, NULL, NULL, NULL, NULL, NULL), ('سمیه', 'جلالی جلال آبادی', '1110856520', NULL, NULL, 0, 1110856520, 'غلامعلی', NULL, 'مدیریت و برنامه ریزی امور خانواده', 1, 1, '2025-01-21 00:00:00', '2025-01-21 00:00:00', NULL, NULL, NULL, NULL, NULL, NULL, NULL, NULL), ('سید مرضیه', 'طهماسبی', '1120152372', NULL, NULL, 0, 1120152372, NULL, NULL, 'تجربی', 1, 1, '2025-01-21 00:00:00', '2025-01-21 00:00:00', NULL, NULL, NULL, NULL, NULL, NULL, NULL, NULL), ('الينا', 'قلاني', '1120247713', NULL, NULL, 0, 1120247713, 'سروش', NULL, 'حسابداري مالي', 1, 1, '2025-01-21 00:00:00', '2025-01-21 00:00:00', NULL, NULL, NULL, NULL, NULL, NULL, NULL, NULL), ('شادي', 'كرمي', '1130749908', NULL, NULL, 0, 1130749908, 'اسماعيل', NULL, 'گرافيك رايانه اي(314)', 1, 1, '2025-01-21 00:00:00', '2025-01-21 00:00:00', NULL, NULL, NULL, NULL, NULL, NULL, NULL, NULL), ('زهرا', 'مرادي', '1150054697', NULL, NULL, 0, 1150054697, 'عزت اله', NULL, 'مدیریت و برنامه ریزی امور خانواده', 1, 1, '2025-01-21 00:00:00', '2025-01-21 00:00:00', NULL, NULL, NULL, NULL, NULL, NULL, NULL, NULL), ('زهرا', 'محمدی', '1150182334', NULL, NULL, 0, 1150182334, 'نظرعلی', NULL, 'نقاشي ايراني', 1, 1, '2025-01-21 00:00:00', '2025-01-21 00:00:00', NULL, NULL, NULL, NULL, NULL, NULL, NULL, NULL), ('كيميا', 'كاظمي', '1150318945', NULL, NULL, 0, 1150318945, 'مصطفي', NULL, 'حسابداري مالي', 1, 1, '2025-01-21 00:00:00', '2025-01-21 00:00:00', NULL, NULL, NULL, NULL, NULL, NULL, NULL, NULL), ('زهرا', 'مهدي چهل خانه', '1159259658', NULL, NULL, 0, 1159259658, 'عقيل', NULL, 'گرافيك رايانه اي(314)', 1, 1, '2025-01-21 00:00:00', '2025-01-21 00:00:00', NULL, NULL, NULL, NULL, NULL, NULL, NULL, NULL), ('مریم', 'گرامی', '1159933022', NULL, NULL, 0, 1159933022, 'خدابخش', NULL, 'ادبیات', 1, 1, '2025-01-21 00:00:00', '2025-01-21 00:00:00', NULL, NULL, NULL, NULL, NULL, NULL, NULL, NULL), ('مهسا', 'مهربان گهروئي', '1160445079', NULL, NULL, 0, 1160445079, 'لطف الله', NULL, 'گرافيك رايانه اي(314)', 1, 1, '2025-01-21 00:00:00', '2025-01-21 00:00:00', NULL, NULL, NULL, NULL, NULL, NULL, NULL, NULL), ('زهرا', 'حدادي بيستگاني', '1160486786', NULL, NULL, 0, 1160486786, 'وحيد', NULL, 'گرافيك رايانه اي(314)', 1, 1, '2025-01-21 00:00:00', '2025-01-21 00:00:00', NULL, NULL, NULL, NULL, NULL, NULL, NULL, NULL), ('آتنا', 'عباسي كله مسلماني', '1160534047', NULL, NULL, 0, 1160534047, 'ناصر', NULL, 'گرافيك رايانه اي(314)', 1, 1, '2025-01-21 00:00:00', '2025-01-21 00:00:00', NULL, NULL, NULL, NULL, NULL, NULL, NULL, NULL), ('نرگس', 'صدري', '1190353407', NULL, NULL, 0, 1190353407, 'حسينعلي', NULL, 'گرافيك رايانه اي(314)', 1, 1, '2025-01-21 00:00:00', '2025-01-21 00:00:00', NULL, NULL, NULL, NULL, NULL, NULL, NULL, NULL), ('مريم', 'آقائي سميرمي', '1200014324', NULL, NULL, 0, 1200014324, 'رسول', NULL, 'مدیریت و برنامه ریزی امور خانواده', 1, 1, '2025-01-21 00:00:00', '2025-01-21 00:00:00', NULL, NULL, NULL, NULL, NULL, NULL, NULL, NULL), ('مرجان', 'زارعي شمس آبادي', '1270220454', NULL, NULL, 0, 1270220454, 'اصغر', NULL, 'مدیریت و برنامه ریزی امور خانواده', 1, 1, '2025-01-21 00:00:00', '2025-01-21 00:00:00', NULL, NULL, NULL, NULL, NULL, NULL, NULL, NULL), ('منصوره', 'وكيلي', '1270624326', NULL, NULL, 0, 1270624326, 'مصطفي', NULL, 'توليد و پرورش گل و گياهان زینتی', 1, 1, '2025-01-21 00:00:00', '2025-01-21 00:00:00', NULL, NULL, NULL, NULL, NULL, NULL, NULL, NULL), ('زهرا ', 'سعیدی', '1270712950', NULL, NULL, 0, 1270712950, NULL, NULL, 'گل گیاه زینتی', 1, 1, '2025-01-21 00:00:00', '2025-01-21 00:00:00', NULL, NULL, NULL, NULL, NULL, NULL, NULL, NULL), ('عاطفه', 'موسوی نهرخلجی', '1270727796', NULL, NULL, 0, 1270727796, 'علی اکبر', NULL, 'گرافيك رايانه اي(314)', 1, 1, '2025-01-21 00:00:00', '2025-01-21 00:00:00', NULL, NULL, NULL, NULL, NULL, NULL, NULL, NULL), ('شيوا', 'پرويزي', '1271605635', NULL, NULL, 0, 1271605635, 'شهرام', NULL, 'گرافيك رايانه اي(314)', 1, 1, '2025-01-21 00:00:00', '2025-01-21 00:00:00', NULL, NULL, NULL, NULL, NULL, NULL, NULL, NULL), ('فاطمه', 'صحرائي', '1272036790', NULL, NULL, 0, 1272036790, 'كرمعلي', NULL, 'گرافيك رايانه اي(314)', 1, 1, '2025-01-21 00:00:00', '2025-01-21 00:00:00', NULL, NULL, NULL, NULL, NULL, NULL, NULL, NULL), ('زهرا', 'صادقي', '1272340351', NULL, NULL, 0, 1272340351, 'جلال', NULL, 'گرافيك رايانه اي(314)', 1, 1, '2025-01-21 00:00:00', '2025-01-21 00:00:00', NULL, NULL, NULL, NULL, NULL, NULL, NULL, NULL), ('مينا', 'احمدي جو', '1272714551', NULL, NULL, 0, 1272714551, 'علي', NULL, 'گرافيك رايانه اي(314)', 1, 1, '2025-01-21 00:00:00', '2025-01-21 00:00:00', NULL, NULL, NULL, NULL, NULL, NULL, NULL, NULL), ('زهرا', 'مختاري مقدم', '1273020936', NULL, NULL, 0, 1273020936, 'حسين', NULL, 'گرافيك رايانه اي(314)', 1, 1, '2025-01-21 00:00:00', '2025-01-21 00:00:00', NULL, NULL, NULL, NULL, NULL, NULL, NULL, NULL), ('فاطمه', 'باقرزاده', '1273101138', NULL, NULL, 0, 1273101138, 'عباس', NULL, 'حسابداري مالي', 1, 1, '2025-01-21 00:00:00', '2025-01-21 00:00:00', NULL, NULL, NULL, NULL, NULL, NULL, NULL, NULL), ('ملیکا', 'ژیلانسب', '1273490843', NULL, NULL, 0, 1273490843, 'محمد', NULL, 'ادبیات', 1, 1, '2025-01-21 00:00:00', '2025-01-21 00:00:00', NULL, NULL, NULL, NULL, NULL, NULL, NULL, NULL), ('زهرا', 'كارآور', '1274007372', NULL, NULL, 0, 1274007372, 'اكبر', NULL, 'گرافيك رايانه اي(314)', 1, 1, '2025-01-21 00:00:00', '2025-01-21 00:00:00', NULL, NULL, NULL, NULL, NULL, NULL, NULL, NULL), ('الهه', 'رئیسی وستگانی', '1274034116', NULL, NULL, 0, 1274034116, 'طهمورث', NULL, 'مدیریت و برنامه ریزی امور خانواده', 1, 1, '2025-01-21 00:00:00', '2025-01-21 00:00:00', NULL, NULL, NULL, NULL, NULL, NULL, NULL, NULL), ('مبینا سادات', 'شاه زیدی', '1274336058', NULL, NULL, 0, 1274336058, 'سید اصغر', NULL, 'ادبیات', 1, 1, '2025-01-21 00:00:00', '2025-01-21 00:00:00', NULL, NULL, NULL, NULL, NULL, NULL, NULL, NULL), ('نرجس', 'طالبی', '1274363861', NULL, NULL, 0, 1274363861, 'داود', NULL, 'ادبیات', 1, 1, '2025-01-21 00:00:00', '2025-01-21 00:00:00', NULL, NULL, NULL, NULL, NULL, NULL, NULL, NULL), ('سارا', 'مسعودي', '1274397944', NULL, NULL, 0, 1274397944, 'حميدرضا', NULL, 'گرافيك رايانه اي(314)', 1, 1, '2025-01-21 00:00:00', '2025-01-21 00:00:00', NULL, NULL, NULL, NULL, NULL, NULL, NULL, NULL), ('پریناز', 'اینالویی', '1274407664', NULL, NULL, 0, 1274407664, 'سعید', NULL, 'ادبیات', 1, 1, '2025-01-21 00:00:00', '2025-01-21 00:00:00', NULL, NULL, NULL, NULL, NULL, NULL, NULL, NULL), ('سارا', 'صابری زفرقندی', '1274424909', NULL, NULL, 0, 1274424909, 'کاظم', NULL, 'تجربی', 1, 1, '2025-01-21 00:00:00', '2025-01-21 00:00:00', NULL, NULL, NULL, NULL, NULL, NULL, NULL, NULL), ('آتنا', 'قاسمي تبار', '1274441511', NULL, NULL, 0, 1274441511, 'حسين', NULL, 'توليد و پرورش گل و گياهان زینتی', 1, 1, '2025-01-21 00:00:00', '2025-01-21 00:00:00', NULL, NULL, NULL, NULL, NULL, NULL, NULL, NULL), ('محدیث', 'غلامی سمسوری', '1274457459', NULL, NULL, 0, 1274457459, 'ناصر', NULL, 'ادبیات', 1, 1, '2025-01-21 00:00:00', '2025-01-21 00:00:00', NULL, NULL, NULL, NULL, NULL, NULL, NULL, NULL), ('فاطمه', 'خالقی', '1274520411', NULL, NULL, 0, 1274520411, 'حمیدرضا', NULL, 'تجربی', 1, 1, '2025-01-21 00:00:00', '2025-01-21 00:00:00', NULL, NULL, NULL, NULL, NULL, NULL, NULL, NULL), ('سارا', 'دهاقانی', '1274521701', NULL, NULL, 0, 1274521701, 'مرتضی', NULL, 'ادبیات', 1, 1, '2025-01-21 00:00:00', '2025-01-21 00:00:00', NULL, NULL, NULL, NULL, NULL, NULL, NULL, NULL), ('ريحانه سادات', 'سلطاني اورگاني', '1274591988', NULL, NULL, 0, 1274591988, 'سيدمهدي', NULL, 'گرافيك رايانه اي(314)', 1, 1, '2025-01-21 00:00:00', '2025-01-21 00:00:00', NULL, NULL, NULL, NULL, NULL, NULL, NULL, NULL), ('فاطمه', 'رشیدی', '1274610311', NULL, NULL, 0, 1274610311, 'ستار', NULL, 'تجربی', 1, 1, '2025-01-21 00:00:00', '2025-01-21 00:00:00', NULL, NULL, NULL, NULL, NULL, NULL, NULL, NULL), ('بهار', 'جعفري', '1274639042', NULL, NULL, 0, 1274639042, 'غلامرضا', NULL, 'معماری داخلی', 1, 1, '2025-01-21 00:00:00', '2025-01-21 00:00:00', NULL, NULL, NULL, NULL, NULL, NULL, NULL, NULL), ('نازنين', 'حياتي دهلقي', '1274653347', NULL, NULL, 0, 1274653347, 'فردين', NULL, 'گرافيك رايانه اي(314)', 1, 1, '2025-01-21 00:00:00', '2025-01-21 00:00:00', NULL, NULL, NULL, NULL, NULL, NULL, NULL, NULL), ('فاطمه', 'نوري', '1274675340', NULL, NULL, 0, 1274675340, 'عليرضا', NULL, 'گرافيك رايانه اي(314)', 1, 1, '2025-01-21 00:00:00', '2025-01-21 00:00:00', NULL, NULL, NULL, NULL, NULL, NULL, NULL, NULL), ('پرنيا', 'جهانگيري نسب', '1274751462', NULL, NULL, 0, 1274751462, 'مهدي', NULL, 'حسابداري مالي', 1, 1, '2025-01-21 00:00:00', '2025-01-21 00:00:00', NULL, NULL, NULL, NULL, NULL, NULL, NULL, NULL), ('عصمت', 'زارعان آدرمنابادي', '1274786681', NULL, NULL, 0, 1274786681, 'رضا', NULL, 'حسابداري مالي', 1, 1, '2025-01-21 00:00:00', '2025-01-21 00:00:00', NULL, NULL, NULL, NULL, NULL, NULL, NULL, NULL), ('مائده', 'حيدري', '1274789338', NULL, NULL, 0, 1274789338, 'مجيدرضا', NULL, 'مدیریت و برنامه ریزی امور خانواده', 1, 1, '2025-01-21 00:00:00', '2025-01-21 00:00:00', NULL, NULL, NULL, NULL, NULL, NULL, NULL, NULL), ('مایده', 'شجاعی جشوقانی', '1274809959', NULL, NULL, 0, 1274809959, 'محمد', NULL, 'ادبیات', 1, 1, '2025-01-21 00:00:00', '2025-01-21 00:00:00', NULL, NULL, NULL, NULL, NULL, NULL, NULL, NULL), ('مهسا', 'رسولي', '1274812569', NULL, NULL, 0, 1274812569, 'شاهپور', NULL, 'معماری داخلی', 1, 1, '2025-01-21 00:00:00', '2025-01-21 00:00:00', NULL, NULL, NULL, NULL, NULL, NULL, NULL, NULL), ('زینب', 'حقیقی زاده', '1274817900', NULL, NULL, 0, 1274817900, 'مجید', NULL, 'ادبیات', 1, 1, '2025-01-21 00:00:00', '2025-01-21 00:00:00', NULL, NULL, NULL, NULL, NULL, NULL, NULL, NULL), ('نيلوفر', 'هژيراطهر', '1274834988', NULL, NULL, 0, 1274834988, 'حسنعلي', NULL, 'گرافيك رايانه اي(314)', 1, 1, '2025-01-21 00:00:00', '2025-01-21 00:00:00', NULL, NULL, NULL, NULL, NULL, NULL, NULL, NULL), ('صبا', 'اميرحاجلو', '1274852757', NULL, NULL, 0, 1274852757, 'روح اله', NULL, 'مدیریت و برنامه ریزی امور خانواده', 1, 1, '2025-01-21 00:00:00', '2025-01-21 00:00:00', NULL, NULL, NULL, NULL, NULL, NULL, NULL, NULL), ('فاطمه', 'غلامي فشاركي', '1274853117', NULL, NULL, 0, 1274853117, 'بهرام', NULL, 'گرافيك رايانه اي(314)', 1, 1, '2025-01-21 00:00:00', '2025-01-21 00:00:00', NULL, NULL, NULL, NULL, NULL, NULL, NULL, NULL), ('دینا', 'محمودی', '1274871638', NULL, NULL, 0, 1274871638, 'عباس', NULL, 'ریاضی-فیزیک', 1, 1, '2025-01-21 00:00:00', '2025-01-21 00:00:00', NULL, NULL, NULL, NULL, NULL, NULL, NULL, NULL), ('كوثر', 'مطلبي فشاركي', '1274893771', NULL, NULL, 0, 1274893771, 'روح اله', NULL, 'گرافيك رايانه اي(314)', 1, 1, '2025-01-21 00:00:00', '2025-01-21 00:00:00', NULL, NULL, NULL, NULL, NULL, NULL, NULL, NULL), ('زكيه', 'نصرآزاداني', '1274903955', NULL, NULL, 0, 1274903955, 'حسين', NULL, 'گرافيك رايانه اي(314)', 1, 1, '2025-01-21 00:00:00', '2025-01-21 00:00:00', NULL, NULL, NULL, NULL, NULL, NULL, NULL, NULL), ('نگار', 'پورياي ولي', '1274950015', NULL, NULL, 0, 1274950015, 'سعيد', NULL, 'مدیریت و برنامه ریزی امور خانواده', 1, 1, '2025-01-21 00:00:00', '2025-01-21 00:00:00', NULL, NULL, NULL, NULL, NULL, NULL, NULL, NULL), ('الناز', 'بيات', '1274962900', NULL, NULL, 0, 1274962900, 'يوسف', NULL, 'دستياري طراحي لباس(دوخت و ترميم)', 1, 1, '2025-01-21 00:00:00', '2025-01-21 00:00:00', NULL, NULL, NULL, NULL, NULL, NULL, NULL, NULL), ('زهرا', 'قجاوندبلتيجه', '1274989396', NULL, NULL, 0, 1274989396, 'رسول', NULL, 'حسابداري مالي', 1, 1, '2025-01-21 00:00:00', '2025-01-21 00:00:00', NULL, NULL, NULL, NULL, NULL, NULL, NULL, NULL), ('حديث', 'كريم زاده باردئي', '1275101143', NULL, NULL, 0, 1275101143, 'محمدرضا', NULL, 'حسابداري مالي', 1, 1, '2025-01-21 00:00:00', '2025-01-21 00:00:00', NULL, NULL, NULL, NULL, NULL, NULL, NULL, NULL), ('ملينا', 'معيني كربكندي', '1275111785', NULL, NULL, 0, 1275111785, 'محمد', NULL, 'معماری داخلی', 1, 1, '2025-01-21 00:00:00', '2025-01-21 00:00:00', NULL, NULL, NULL, NULL, NULL, NULL, NULL, NULL), ('روژينا', 'شمسي', '1275199534', NULL, NULL, 0, 1275199534, 'محمود', NULL, 'حسابداري مالي', 1, 1, '2025-01-21 00:00:00', '2025-01-21 00:00:00', NULL, NULL, NULL, NULL, NULL, NULL, NULL, NULL), ('مليكا', 'اكبري مورناني', '1275203159', NULL, NULL, 0, 1275203159, 'مجيد', NULL, 'حسابداري مالي', 1, 1, '2025-01-21 00:00:00', '2025-01-21 00:00:00', NULL, NULL, NULL, NULL, NULL, NULL, NULL, NULL), ('مائده', 'سرلك چيوا', '1275216595', NULL, NULL, 0, 1275216595, 'نعمت اله', NULL, 'مدیریت و برنامه ریزی امور خانواده', 1, 1, '2025-01-21 00:00:00', '2025-01-21 00:00:00', NULL, NULL, NULL, NULL, NULL, NULL, NULL, NULL), ('زهراسادات', 'موسوي خرزوقي', '1275235141', NULL, NULL, 0, 1275235141, 'سيدهاشم', NULL, 'دستياري طراحي لباس(دوخت و ترميم)', 1, 1, '2025-01-21 00:00:00', '2025-01-21 00:00:00', NULL, NULL, NULL, NULL, NULL, NULL, NULL, NULL), ('آتنا', 'كريمي', '1275244270', NULL, NULL, 0, 1275244270, 'رسول', NULL, 'تولید محتوای آموزشی الکترونیکی', 1, 1, '2025-01-21 00:00:00', '2025-01-21 00:00:00', NULL, NULL, NULL, NULL, NULL, NULL, NULL, NULL), ('دنيا', 'رمضاني دستجردي', '1275248454', NULL, NULL, 0, 1275248454, 'محسن', NULL, 'معماری داخلی', 1, 1, '2025-01-21 00:00:00', '2025-01-21 00:00:00', NULL, NULL, NULL, NULL, NULL, NULL, NULL, NULL), ('رونيكا', 'عباس پور', '1275258514', NULL, NULL, 0, 1275258514, 'مهدي', NULL, 'دستياري طراحي لباس(دوخت و ترميم)', 1, 1, '2025-01-21 00:00:00', '2025-01-21 00:00:00', NULL, NULL, NULL, NULL, NULL, NULL, NULL, NULL), ('مونا', 'رئيسي فرد', '1275264875', NULL, NULL, 0, 1275264875, 'اميررضا', NULL, 'حسابداري مالي', 1, 1, '2025-01-21 00:00:00', '2025-01-21 00:00:00', NULL, NULL, NULL, NULL, NULL, NULL, NULL, NULL), ('ياسمن', 'كياني ابري', '1275280137', NULL, NULL, 0, 1275280137, 'عليرضا', NULL, 'حسابداري مالي', 1, 1, '2025-01-21 00:00:00', '2025-01-21 00:00:00', NULL, NULL, NULL, NULL, NULL, NULL, NULL, NULL), ('نگار', 'الماسي', '1275284787', NULL, NULL, 0, 1275284787, 'مهدي', NULL, 'گرافيك رايانه اي(314)', 1, 1, '2025-01-21 00:00:00', '2025-01-21 00:00:00', NULL, NULL, NULL, NULL, NULL, NULL, NULL, NULL), ('شيدا', 'حيدري', '1275298893', NULL, NULL, 0, 1275298893, 'فرهاد', NULL, 'گرافيك رايانه اي(314)', 1, 1, '2025-01-21 00:00:00', '2025-01-21 00:00:00', NULL, NULL, NULL, NULL, NULL, NULL, NULL, NULL), ('روژان', 'مهدي راكي', '1275301894', NULL, NULL, 0, 1275301894, 'پيمان', NULL, 'تولید محتوای آموزشی الکترونیکی', 1, 1, '2025-01-21 00:00:00', '2025-01-21 00:00:00', NULL, NULL, NULL, NULL, NULL, NULL, NULL, NULL), ('مانيا', 'مرتضائي دمآبي', '1275303382', NULL, NULL, 0, 1275303382, 'دانيال', NULL, 'عكاسي ديجيتال', 1, 1, '2025-01-21 00:00:00', '2025-01-21 00:00:00', NULL, NULL, NULL, NULL, NULL, NULL, NULL, NULL), ('تبسم', 'بيات', '1275312985', NULL, NULL, 0, 1275312985, 'خليل', NULL, 'مديريت آشپزي و قنادي', 1, 1, '2025-01-21 00:00:00', '2025-01-21 00:00:00', NULL, NULL, NULL, NULL, NULL, NULL, NULL, NULL), ('مهسا', 'مطیعی جشوقانی', '1275336248', NULL, NULL, 0, 1275336248, 'رضا', NULL, 'مدیریت خانواده', 1, 1, '2025-01-21 00:00:00', '2025-01-21 00:00:00', NULL, NULL, NULL, NULL, NULL, NULL, NULL, NULL), ('فائزه', 'صفدريان', '1275343791', NULL, NULL, 0, 1275343791, 'حسن', NULL, 'گرافيك رايانه اي(314)', 1, 1, '2025-01-21 00:00:00', '2025-01-21 00:00:00', NULL, NULL, NULL, NULL, NULL, NULL, NULL, NULL), ('ريحانه سادات', 'اسدي', '1275362206', NULL, NULL, 0, 1275362206, 'سيدمحمدرضا', NULL, 'دستياري طراحي لباس(دوخت و ترميم)', 1, 1, '2025-01-21 00:00:00', '2025-01-21 00:00:00', NULL, NULL, NULL, NULL, NULL, NULL, NULL, NULL), ('يگانه', 'عابدي جوني', '1275365787', NULL, NULL, 0, 1275365787, 'رسول', NULL, 'حسابداري مالي', 1, 1, '2025-01-21 00:00:00', '2025-01-21 00:00:00', NULL, NULL, NULL, NULL, NULL, NULL, NULL, NULL), ('مبينا', 'احمدي', '1275379966', NULL, NULL, 0, 1275379966, 'محمد', NULL, 'حسابداري مالي', 1, 1, '2025-01-21 00:00:00', '2025-01-21 00:00:00', NULL, NULL, NULL, NULL, NULL, NULL, NULL, NULL), ('مهشيد', 'بخشي', '1275383221', NULL, NULL, 0, 1275383221, 'علي اصغر', NULL, 'گرافيك رايانه اي(314)', 1, 1, '2025-01-21 00:00:00', '2025-01-21 00:00:00', NULL, NULL, NULL, NULL, NULL, NULL, NULL, NULL), ('پارميس', 'مصباح', '1275383319', NULL, NULL, 0, 1275383319, 'حميد', NULL, 'مدیریت و برنامه ریزی امور خانواده', 1, 1, '2025-01-21 00:00:00', '2025-01-21 00:00:00', NULL, NULL, NULL, NULL, NULL, NULL, NULL, NULL), ('مليكا', 'طالبي اسمعيلان', '1275386245', NULL, NULL, 0, 1275386245, 'حميدرضا', NULL, 'تولید محتوای آموزشی الکترونیکی', 1, 1, '2025-01-21 00:00:00', '2025-01-21 00:00:00', NULL, NULL, NULL, NULL, NULL, NULL, NULL, NULL), ('مارال', 'خرمي', '1275387519', NULL, NULL, 0, 1275387519, 'مهدي', NULL, 'عكاسي ديجيتال', 1, 1, '2025-01-21 00:00:00', '2025-01-21 00:00:00', NULL, NULL, NULL, NULL, NULL, NULL, NULL, NULL), ('محدثه', 'اوليائي', '1275409131', NULL, NULL, 0, 1275409131, 'ولي اله', NULL, 'حسابداري مالي', 1, 1, '2025-01-21 00:00:00', '2025-01-21 00:00:00', NULL, NULL, NULL, NULL, NULL, NULL, NULL, NULL), ('مهسا', 'فتوح', '1275411797', NULL, NULL, 0, 1275411797, 'مجيد', NULL, 'دستياري طراحي لباس(دوخت و ترميم)', 1, 1, '2025-01-21 00:00:00', '2025-01-21 00:00:00', NULL, NULL, NULL, NULL, NULL, NULL, NULL, NULL), ('مائده', 'موسوي زاده', '1275443095', NULL, NULL, 0, 1275443095, 'مختار', NULL, 'حسابداري مالي', 1, 1, '2025-01-21 00:00:00', '2025-01-21 00:00:00', NULL, NULL, NULL, NULL, NULL, NULL, NULL, NULL), ('ستايش', 'سلطاني', '1275445251', NULL, NULL, 0, 1275445251, 'محمود', NULL, 'معماری داخلی', 1, 1, '2025-01-21 00:00:00', '2025-01-21 00:00:00', NULL, NULL, NULL, NULL, NULL, NULL, NULL, NULL), ('پرنيا', 'شعباني افاراني', '1275451063', NULL, NULL, 0, 1275451063, 'داود', NULL, 'حسابداري مالي', 1, 1, '2025-01-21 00:00:00', '2025-01-21 00:00:00', NULL, NULL, NULL, NULL, NULL, NULL, NULL, NULL), ('نكيسا', 'آتشگران خوزاني', '1275456006', NULL, NULL, 0, 1275456006, 'محمدجواد', NULL, 'معماری داخلی', 1, 1, '2025-01-21 00:00:00', '2025-01-21 00:00:00', NULL, NULL, NULL, NULL, NULL, NULL, NULL, NULL), ('نرگس', 'قره داغي رزوه', '1275470742', NULL, NULL, 0, 1275470742, 'مهدي', NULL, 'مدیریت و برنامه ریزی امور خانواده', 1, 1, '2025-01-21 00:00:00', '2025-01-21 00:00:00', NULL, NULL, NULL, NULL, NULL, NULL, NULL, NULL), ('مهديه', 'اصلاني كرچي', '1275520057', NULL, NULL, 0, 1275520057, 'مهدي', NULL, 'حسابداري مالي', 1, 1, '2025-01-21 00:00:00', '2025-01-21 00:00:00', NULL, NULL, NULL, NULL, NULL, NULL, NULL, NULL), ('هستي', 'پورسردار', '1275523013', NULL, NULL, 0, 1275523013, 'مهدي', NULL, 'حسابداري مالي', 1, 1, '2025-01-21 00:00:00', '2025-01-21 00:00:00', NULL, NULL, NULL, NULL, NULL, NULL, NULL, NULL), ('زهرا', 'بهرامي', '1275537731', NULL, NULL, 0, 1275537731, 'حجت', NULL, 'عكاسي ديجيتال', 1, 1, '2025-01-21 00:00:00', '2025-01-21 00:00:00', NULL, NULL, NULL, NULL, NULL, NULL, NULL, NULL), ('حديث', 'خليليان پوربيدآبادي', '1275562752', NULL, NULL, 0, 1275562752, 'مسعود', NULL, 'حسابداري مالي', 1, 1, '2025-01-21 00:00:00', '2025-01-21 00:00:00', NULL, NULL, NULL, NULL, NULL, NULL, NULL, NULL), ('زهرا', 'بهارلوئي', '1275565255', NULL, NULL, 0, 1275565255, 'علي', NULL, 'حسابداري مالي', 1, 1, '2025-01-21 00:00:00', '2025-01-21 00:00:00', NULL, NULL, NULL, NULL, NULL, NULL, NULL, NULL), ('راضیه', 'رضایی قلعه تکی', '1275568050', NULL, NULL, 0, 1275568050, 'پرویز', NULL, 'مدیریت خانواده', 1, 1, '2025-01-21 00:00:00', '2025-01-21 00:00:00', NULL, NULL, NULL, NULL, NULL, NULL, NULL, NULL), ('راضيه', 'رضائي قلعه تكي', '1275568505', NULL, NULL, 0, 1275568505, 'داود', NULL, 'مدیریت و برنامه ریزی امور خانواده', 1, 1, '2025-01-21 00:00:00', '2025-01-21 00:00:00', NULL, NULL, NULL, NULL, NULL, NULL, NULL, NULL), ('شكيلا', 'كلانتري دهقي', '1275569277', NULL, NULL, 0, 1275569277, 'اكبر', NULL, 'تولید محتوای آموزشی الکترونیکی', 1, 1, '2025-01-21 00:00:00', '2025-01-21 00:00:00', NULL, NULL, NULL, NULL, NULL, NULL, NULL, NULL), ('آرزو', 'طراحان', '1275569341', NULL, NULL, 0, 1275569341, 'علي', NULL, 'گرافيك رايانه اي(314)', 1, 1, '2025-01-21 00:00:00', '2025-01-21 00:00:00', NULL, NULL, NULL, NULL, NULL, NULL, NULL, NULL), ('نازنين زهرا', 'داوري دولت آبادي', '1275576125', NULL, NULL, 0, 1275576125, 'محمدعلي', NULL, 'مدیریت و برنامه ریزی امور خانواده', 1, 1, '2025-01-21 00:00:00', '2025-01-21 00:00:00', NULL, NULL, NULL, NULL, NULL, NULL, NULL, NULL), ('هستي', 'محمدي آشياني', '1275597440', NULL, NULL, 0, 1275597440, 'مهران', NULL, 'تولید محتوای آموزشی الکترونیکی', 1, 1, '2025-01-21 00:00:00', '2025-01-21 00:00:00', NULL, NULL, NULL, NULL, NULL, NULL, NULL, NULL), ('پرنيا', 'جرياني', '1275601138', NULL, NULL, 0, 1275601138, 'جعفر', NULL, 'گرافيك رايانه اي(314)', 1, 1, '2025-01-21 00:00:00', '2025-01-21 00:00:00', NULL, NULL, NULL, NULL, NULL, NULL, NULL, NULL), ('مهديس', 'مرادي كلبي بيگي', '1275602738', NULL, NULL, 0, 1275602738, 'منوچهر', NULL, 'حسابداري مالي', 1, 1, '2025-01-21 00:00:00', '2025-01-21 00:00:00', NULL, NULL, NULL, NULL, NULL, NULL, NULL, NULL), ('هستي', 'روحاني قهساره', '1275629598', NULL, NULL, 0, 1275629598, 'روح اله', NULL, 'حسابداري مالي', 1, 1, '2025-01-21 00:00:00', '2025-01-21 00:00:00', NULL, NULL, NULL, NULL, NULL, NULL, NULL, NULL), ('فاطمه', 'بزرگي علي آبادي', '1275637418', NULL, NULL, 0, 1275637418, 'نورالله', NULL, 'حسابداري مالي', 1, 1, '2025-01-21 00:00:00', '2025-01-21 00:00:00', NULL, NULL, NULL, NULL, NULL, NULL, NULL, NULL), ('نگين', 'رضائي مزرعه', '1275705146', NULL, NULL, 0, 1275705146, 'نادعلي', NULL, 'حسابداري مالي', 1, 1, '2025-01-21 00:00:00', '2025-01-21 00:00:00', NULL, NULL, NULL, NULL, NULL, NULL, NULL, NULL), ('النا', 'كورنگي', '1275707874', NULL, NULL, 0, 1275707874, 'مهدي', NULL, 'تولید محتوای آموزشی الکترونیکی', 1, 1, '2025-01-21 00:00:00', '2025-01-21 00:00:00', NULL, NULL, NULL, NULL, NULL, NULL, NULL, NULL), ('شيماء', 'جادري', '1278737871', NULL, NULL, 0, 1278737871, 'طالب', NULL, 'گرافيك رايانه اي(314)', 1, 1, '2025-01-21 00:00:00', '2025-01-21 00:00:00', NULL, NULL, NULL, NULL, NULL, NULL, NULL, NULL), ('سمیه', 'رنجکش ادرمنابادی', '1287307108', NULL, NULL, 0, 1287307108, 'حسن', NULL, 'ادبیات', 1, 1, '2025-01-21 00:00:00', '2025-01-21 00:00:00', NULL, NULL, NULL, NULL, NULL, NULL, NULL, NULL), ('زينب', 'عابدپوردهاقاني', '1288183062', NULL, NULL, 0, 1288183062, 'حسنعلي', NULL, 'مدیریت و برنامه ریزی امور خانواده', 1, 1, '2025-01-21 00:00:00', '2025-01-21 00:00:00', NULL, NULL, NULL, NULL, NULL, NULL, NULL, NULL), ('فاطمه', 'اعرابي', '1288220731', NULL, NULL, 0, 1288220731, 'خيراله', NULL, 'توليد و پرورش گل و گياهان زینتی', 1, 1, '2025-01-21 00:00:00', '2025-01-21 00:00:00', NULL, NULL, NULL, NULL, NULL, NULL, NULL, NULL), ('مريم', 'سنجري مورچگاني', '1291539492', NULL, NULL, 0, 1291539492, 'قاسمعلي', NULL, 'گرافيك رايانه اي(314)', 1, 1, '2025-01-21 00:00:00', '2025-01-21 00:00:00', NULL, NULL, NULL, NULL, NULL, NULL, NULL, NULL), ('فرزانه', 'محمدخاني', '1292443049', NULL, NULL, 0, 1292443049, 'عبدالعظيم', NULL, 'توليد و پرورش گل و گياهان زینتی', 1, 1, '2025-01-21 00:00:00', '2025-01-21 00:00:00', NULL, NULL, NULL, NULL, NULL, NULL, NULL, NULL), ('طاهره', 'سنجري مورچگاني', '1293395706', NULL, NULL, 0, 1293395706, 'قاسمعلي', NULL, 'گرافيك رايانه اي(314)', 1, 1, '2025-01-21 00:00:00', '2025-01-21 00:00:00', NULL, NULL, NULL, NULL, NULL, NULL, NULL, NULL), ('ساره', 'ملک محمدی', '1293508608', NULL, NULL, 0, 1293508608, 'قربانعلی', NULL, 'ادبیات', 1, 1, '2025-01-21 00:00:00', '2025-01-21 00:00:00', NULL, NULL, NULL, NULL, NULL, NULL, NULL, NULL), ('عسل', 'خدابخش', '1452253218', NULL, NULL, 0, 1452253218, 'مسعود', NULL, 'دستياري طراحي لباس(دوخت و ترميم)', 1, 1, '2025-01-21 00:00:00', '2025-01-21 00:00:00', NULL, NULL, NULL, NULL, NULL, NULL, NULL, NULL), ('تارا', 'طهماسبي زاده', '1745126767', NULL, NULL, 0, 1745126767, 'عباسعلي', NULL, 'تولید محتوای آموزشی الکترونیکی', 1, 1, '2025-01-21 00:00:00', '2025-01-21 00:00:00', NULL, NULL, NULL, NULL, NULL, NULL, NULL, NULL), ('سارا', 'طاهری مفرد', '1850626618', NULL, NULL, 0, 1850626618, 'ابراهیم', NULL, 'دستیار طراحی لباس', 1, 1, '2025-01-21 00:00:00', '2025-01-21 00:00:00', NULL, NULL, NULL, NULL, NULL, NULL, NULL, NULL), ('افسانه', 'سلطاني منصورنژاد', '1940291445', NULL, NULL, 0, 1940291445, 'صادق', NULL, 'گرافيك رايانه اي(314)', 1, 1, '2025-01-21 00:00:00', '2025-01-21 00:00:00', NULL, NULL, NULL, NULL, NULL, NULL, NULL, NULL), ('سوگند', 'شريفي قاسمي', '1941063918', NULL, NULL, 0, 1941063918, 'مصطفي', NULL, 'تولید محتوای آموزشی الکترونیکی', 1, 1, '2025-01-21 00:00:00', '2025-01-21 00:00:00', NULL, NULL, NULL, NULL, NULL, NULL, NULL, NULL), ('شقایق', 'همایون پور', '1971669849', NULL, NULL, 0, 1971669849, 'غلامرضا', NULL, 'مدیریت و برنامه ریزی امور خانواده', 1, 1, '2025-01-21 00:00:00', '2025-01-21 00:00:00', NULL, NULL, NULL, NULL, NULL, NULL, NULL, NULL), ('سكينه', 'كرمي', '2296978843', NULL, NULL, 0, 2296978843, 'اسفنديار', NULL, 'مدیریت و برنامه ریزی امور خانواده', 1, 1, '2025-01-21 00:00:00', '2025-01-21 00:00:00', NULL, NULL, NULL, NULL, NULL, NULL, NULL, NULL), ('هستي', 'فتحي هرسيني', '3310350711', NULL, NULL, 0, 3310350711, 'علي', NULL, 'معماری داخلی', 1, 1, '2025-01-21 00:00:00', '2025-01-21 00:00:00', NULL, NULL, NULL, NULL, NULL, NULL, NULL, NULL), ('مژگان', 'رضایی', '4160056903', NULL, NULL, 0, 4160056903, 'نصیر', NULL, 'ادبیات', 1, 1, '2025-01-21 00:00:00', '2025-01-21 00:00:00', NULL, NULL, NULL, NULL, NULL, NULL, NULL, NULL), ('گلزاده', 'والانیک', '4220322906', NULL, NULL, 0, 4220322906, 'علی نقی', NULL, 'ادبیات', 1, 1, '2025-01-21 00:00:00', '2025-01-21 00:00:00', NULL, NULL, NULL, NULL, NULL, NULL, NULL, NULL), ('زينب', 'رمضاني گهروئي', '4610243067', NULL, NULL, 0, 4610243067, 'فريدون', NULL, 'گرافيك رايانه اي(314)', 1, 1, '2025-01-21 00:00:00', '2025-01-21 00:00:00', NULL, NULL, NULL, NULL, NULL, NULL, NULL, NULL), ('پريسا', 'رسولي هاروني', '4611105997', NULL, NULL, 0, 4611105997, 'ابراهيم', NULL, 'حسابداري مالي', 1, 1, '2025-01-21 00:00:00', '2025-01-21 00:00:00', NULL, NULL, NULL, NULL, NULL, NULL, NULL, NULL), ('رضوان', 'اصغرزاده', '4622191407', NULL, NULL, 0, 4622191407, 'محمدعلي', NULL, 'مدیریت و برنامه ریزی امور خانواده', 1, 1, '2025-01-21 00:00:00', '2025-01-21 00:00:00', NULL, NULL, NULL, NULL, NULL, NULL, NULL, NULL), ('مرضيه', 'شهراني كراني', '4670406221', NULL, NULL, 0, 4670406221, 'فرداد', NULL, 'دستياري طراحي لباس(دوخت و ترميم)', 1, 1, '2025-01-21 00:00:00', '2025-01-21 00:00:00', NULL, NULL, NULL, NULL, NULL, NULL, NULL, NULL), ('سولماز', 'درشوري', '5110001979', NULL, NULL, 0, 5110001979, 'شهريار', NULL, 'مدیریت و برنامه ریزی امور خانواده', 1, 1, '2025-01-21 00:00:00', '2025-01-21 00:00:00', NULL, NULL, NULL, NULL, NULL, NULL, NULL, NULL), ('فاطمه', 'حاتمي پور', '5410358856', NULL, NULL, 0, 5410358856, 'بيژن', NULL, 'حسابداري مالي', 1, 1, '2025-01-21 00:00:00', '2025-01-21 00:00:00', NULL, NULL, NULL, NULL, NULL, NULL, NULL, NULL), ('عفت', 'صادقي', '5649970009', NULL, NULL, 0, 5649970009, 'محمد', NULL, 'گرافيك رايانه اي(314)', 1, 1, '2025-01-21 00:00:00', '2025-01-21 00:00:00', NULL, NULL, NULL, NULL, NULL, NULL, NULL, NULL), ('شهناز', 'احمدی دستجردی', '5649974543', NULL, NULL, 0, 5649974543, 'علی', NULL, 'گرافيك رايانه اي(314)', 1, 1, '2025-01-21 00:00:00', '2025-01-21 00:00:00', NULL, NULL, NULL, NULL, NULL, NULL, NULL, NULL), ('بيتا', 'نوري امامزاده', '5650136459', NULL, NULL, 0, 5650136459, 'فرهاد', NULL, 'دستياري طراحي لباس(دوخت و ترميم)', 1, 1, '2025-01-21 00:00:00', '2025-01-21 00:00:00', NULL, NULL, NULL, NULL, NULL, NULL, NULL, NULL), ('زهرا', 'کاظم زاده', '5659971962', NULL, NULL, 0, 5659971962, 'احمد', NULL, 'گل گیاه زینتی', 1, 1, '2025-01-21 00:00:00', '2025-01-21 00:00:00', NULL, NULL, NULL, NULL, NULL, NULL, NULL, NULL), ('مريم', 'امامي گشنيزجاني', '5759939300', NULL, NULL, 0, 5759939300, 'بهرام', NULL, 'گرافيك رايانه اي(314)', 1, 1, '2025-01-21 00:00:00', '2025-01-21 00:00:00', NULL, NULL, NULL, NULL, NULL, NULL, NULL, NULL), ('سحر', 'محرابي', '6210070426', NULL, NULL, 0, 6210070426, 'پرويز', NULL, 'حسابداري مالي', 1, 1, '2025-01-21 00:00:00', '2025-01-21 00:00:00', NULL, NULL, NULL, NULL, NULL, NULL, NULL, NULL), ('پريسا', 'رفيعي مياندشتي', '6210080200', NULL, NULL, 0, 6210080200, 'احمد', NULL, 'تولید محتوای آموزشی الکترونیکی', 1, 1, '2025-01-21 00:00:00', '2025-01-21 00:00:00', NULL, NULL, NULL, NULL, NULL, NULL, NULL, NULL), ('سمیه', 'سرایی', '6479811755', NULL, NULL, 0, 6479811755, 'محمد', NULL, 'گرافيك رايانه اي(314)', 1, 1, '2025-01-21 00:00:00', '2025-01-21 00:00:00', NULL, NULL, NULL, NULL, NULL, NULL, NULL, NULL), ('زهرا', 'شكيبا', '6600140860', NULL, NULL, 0, 6600140860, 'رحمت اله', NULL, 'گرافيك رايانه اي(314)', 1, 1, '2025-01-21 00:00:00', '2025-01-21 00:00:00', NULL, NULL, NULL, NULL, NULL, NULL, NULL, NULL), ('ساناز', 'ميرزائي', '6600204771', NULL, NULL, 0, 6600204771, 'محسن', NULL, 'تولید محتوای آموزشی الکترونیکی', 1, 1, '2025-01-21 00:00:00', '2025-01-21 00:00:00', NULL, NULL, NULL, NULL, NULL, NULL, NULL, NULL), ('سودابه', 'رحیمی', '9025369871', NULL, NULL, 0, 9025369871, 'غلام', NULL, 'تولید محتوا', 1, 1, '2025-01-21 00:00:00', '2025-01-21 00:00:00', NULL, NULL, NULL, NULL, NULL, NULL, NULL, NULL), ('ثریا', 'محمدی', '9043718002', NULL, NULL, 0, 9043718002, 'ابراهیم', NULL, 'گل وگیاه زینتی', 1, 1, '2025-01-21 00:00:00', '2025-01-21 00:00:00', NULL, NULL, NULL, NULL, NULL, NULL, NULL, NULL), ('حمیرا', 'مرادی', '9300713848', NULL, NULL, 0, 9300713848, 'عبدالواحد', NULL, 'تجربی', 1, 1, '2025-01-21 00:00:00', '2025-01-21 00:00:00', NULL, NULL, NULL, NULL, NULL, NULL, NULL, NULL), ('ذاکره', 'حسن زاده', '9421523374', NULL, NULL, 0, 9421523374, 'رمضان', NULL, 'گرافيك رايانه اي(314)', 1, 1, '2025-01-21 00:00:00', '2025-01-21 00:00:00', NULL, NULL, NULL, NULL, NULL, NULL, NULL, NULL), ('زهرا ', 'مرادی', '11500054697', NULL, NULL, 0, 11500054697, 'عثوت الله', NULL, 'مدیریت خانواده', 1, 1, '2025-01-21 00:00:00', '2025-01-21 00:00:00', NULL, NULL, NULL, NULL, NULL, NULL, NULL, NULL), ('الناز', 'بیات', '12749622900', NULL, NULL, 0, 12749622900, 'یوسف', NULL, 'دستیار طراحی لباس', 1, 1, '2025-01-21 00:00:00', '2025-01-21 00:00:00', NULL, NULL, NULL, NULL, NULL, NULL, NULL, NULL), ('پریناز', 'یزدانی', '12775280617', NULL, NULL, 0, 12775280617, 'حمید', NULL, 'ریاضی', 1, 1, '2025-01-21 00:00:00', '2025-01-21 00:00:00', NULL, NULL, NULL, NULL, NULL, NULL, NULL, NULL), ('زینب', 'قلی زاده', '91020572892', NULL, NULL, 0, 91020572892, 'محمد ابراهیم', NULL, 'ادبیات', 1, 1, '2025-01-21 00:00:00', '2025-01-21 00:00:00', NULL, NULL, NULL, NULL, NULL, NULL, NULL, NULL), ('مبینا', 'رسولی', '91027720841', NULL, NULL, 0, 91027720841, 'احمدجاوید', NULL, 'حسابداري مالي', 1, 1, '2025-01-21 00:00:00', '2025-01-21 00:00:00', NULL, NULL, NULL, NULL, NULL, NULL, NULL, NULL), ('ثریا', 'نوروزی', '91027772577', NULL, NULL, 0, 91027772577, 'محمد نبی', NULL, 'گرافيك رايانه اي(314)', 1, 1, '2025-01-21 00:00:00', '2025-01-21 00:00:00', NULL, NULL, NULL, NULL, NULL, NULL, NULL, NULL), ('فاطمه', 'نیک زاد', '94020007856', NULL, NULL, 0, 94020007856, 'حیدر', NULL, 'تولید محتوای آموزشی الکترونیکی', 1, 1, '2025-01-21 00:00:00', '2025-01-21 00:00:00', NULL, NULL, NULL, NULL, NULL, NULL, NULL, NULL), ('نرگس', 'رضایی', '94020011404', NULL, NULL, 0, 94020011404, 'آیت الله', NULL, 'حسابداري مالي', 1, 1, '2025-01-21 00:00:00', '2025-01-21 00:00:00', NULL, NULL, NULL, NULL, NULL, NULL, NULL, NULL);
COMMIT;

-- ----------------------------
-- Records of reg_student_account
-- ----------------------------
BEGIN;
INSERT INTO `reg_student_account` (`st_id`, `acc_id`, `create_date`) VALUES (112247687, 14215, '2025-01-21 00:00:00'), (620080200, 14350, '2025-01-21 00:00:00'), (1080712399, 14208, '2025-01-21 00:00:00'), (1080863001, 14209, '2025-01-21 00:00:00'), (1080891781, 14210, '2025-01-21 00:00:00'), (1100760318, 14211, '2025-01-21 00:00:00'), (1110856520, 14212, '2025-01-21 00:00:00'), (1120152372, 14213, '2025-01-21 00:00:00'), (1120247713, 14214, '2025-01-21 00:00:00'), (1130749908, 14216, '2025-01-21 00:00:00'), (1150054697, 14218, '2025-01-21 00:00:00'), (1150182334, 14219, '2025-01-21 00:00:00'), (1150318945, 14220, '2025-01-21 00:00:00'), (1159259658, 14221, '2025-01-21 00:00:00'), (1159933022, 14222, '2025-01-21 00:00:00'), (1160445079, 14223, '2025-01-21 00:00:00'), (1160486786, 14224, '2025-01-21 00:00:00'), (1160534047, 14225, '2025-01-21 00:00:00'), (1190353407, 14226, '2025-01-21 00:00:00'), (1200014324, 14227, '2025-01-21 00:00:00'), (1270220454, 14228, '2025-01-21 00:00:00'), (1270624326, 14229, '2025-01-21 00:00:00'), (1270712950, 14230, '2025-01-21 00:00:00'), (1270727796, 14231, '2025-01-21 00:00:00'), (1271605635, 14232, '2025-01-21 00:00:00'), (1272036790, 14233, '2025-01-21 00:00:00'), (1272340351, 14234, '2025-01-21 00:00:00'), (1272714551, 14235, '2025-01-21 00:00:00'), (1273020936, 14236, '2025-01-21 00:00:00'), (1273101138, 14237, '2025-01-21 00:00:00'), (1273490843, 14238, '2025-01-21 00:00:00'), (1274007372, 14239, '2025-01-21 00:00:00'), (1274034116, 14240, '2025-01-21 00:00:00'), (1274336058, 14241, '2025-01-21 00:00:00'), (1274363861, 14242, '2025-01-21 00:00:00'), (1274397944, 14243, '2025-01-21 00:00:00'), (1274407664, 14244, '2025-01-21 00:00:00'), (1274424909, 14245, '2025-01-21 00:00:00'), (1274441511, 14246, '2025-01-21 00:00:00'), (1274457459, 14247, '2025-01-21 00:00:00'), (1274520411, 14248, '2025-01-21 00:00:00'), (1274521701, 14249, '2025-01-21 00:00:00'), (1274591988, 14250, '2025-01-21 00:00:00'), (1274610311, 14251, '2025-01-21 00:00:00'), (1274639042, 14252, '2025-01-21 00:00:00'), (1274653347, 14253, '2025-01-21 00:00:00'), (1274675340, 14254, '2025-01-21 00:00:00'), (1274751462, 14255, '2025-01-21 00:00:00'), (1274786681, 14256, '2025-01-21 00:00:00'), (1274789338, 14257, '2025-01-21 00:00:00'), (1274809959, 14258, '2025-01-21 00:00:00'), (1274812569, 14259, '2025-01-21 00:00:00'), (1274817900, 14260, '2025-01-21 00:00:00'), (1274834988, 14261, '2025-01-21 00:00:00'), (1274852757, 14262, '2025-01-21 00:00:00'), (1274853117, 14263, '2025-01-21 00:00:00'), (1274871638, 14264, '2025-01-21 00:00:00'), (1274893771, 14265, '2025-01-21 00:00:00'), (1274903955, 14266, '2025-01-21 00:00:00'), (1274950015, 14267, '2025-01-21 00:00:00'), (1274962900, 14269, '2025-01-21 00:00:00'), (1274989396, 14270, '2025-01-21 00:00:00'), (1275101143, 14271, '2025-01-21 00:00:00'), (1275111785, 14272, '2025-01-21 00:00:00'), (1275199534, 14273, '2025-01-21 00:00:00'), (1275203159, 14274, '2025-01-21 00:00:00'), (1275216595, 14275, '2025-01-21 00:00:00'), (1275235141, 14276, '2025-01-21 00:00:00'), (1275244270, 14277, '2025-01-21 00:00:00'), (1275248454, 14278, '2025-01-21 00:00:00'), (1275258514, 14279, '2025-01-21 00:00:00'), (1275264875, 14280, '2025-01-21 00:00:00'), (1275280137, 14281, '2025-01-21 00:00:00'), (1275284787, 14282, '2025-01-21 00:00:00'), (1275298893, 14283, '2025-01-21 00:00:00'), (1275301894, 14284, '2025-01-21 00:00:00'), (1275303382, 14285, '2025-01-21 00:00:00'), (1275312985, 14286, '2025-01-21 00:00:00'), (1275336248, 14287, '2025-01-21 00:00:00'), (1275343791, 14288, '2025-01-21 00:00:00'), (1275362206, 14289, '2025-01-21 00:00:00'), (1275365787, 14290, '2025-01-21 00:00:00'), (1275379966, 14291, '2025-01-21 00:00:00'), (1275383221, 14292, '2025-01-21 00:00:00'), (1275383319, 14293, '2025-01-21 00:00:00'), (1275386245, 14294, '2025-01-21 00:00:00'), (1275387519, 14295, '2025-01-21 00:00:00'), (1275409131, 14296, '2025-01-21 00:00:00'), (1275411797, 14297, '2025-01-21 00:00:00'), (1275443095, 14298, '2025-01-21 00:00:00'), (1275445251, 14299, '2025-01-21 00:00:00'), (1275451063, 14300, '2025-01-21 00:00:00'), (1275456006, 14301, '2025-01-21 00:00:00'), (1275470742, 14302, '2025-01-21 00:00:00'), (1275520057, 14303, '2025-01-21 00:00:00'), (1275523013, 14304, '2025-01-21 00:00:00'), (1275537731, 14305, '2025-01-21 00:00:00'), (1275562752, 14306, '2025-01-21 00:00:00'), (1275565255, 14307, '2025-01-21 00:00:00'), (1275568050, 14308, '2025-01-21 00:00:00'), (1275568505, 14309, '2025-01-21 00:00:00'), (1275569277, 14310, '2025-01-21 00:00:00'), (1275569341, 14311, '2025-01-21 00:00:00'), (1275576125, 14312, '2025-01-21 00:00:00'), (1275597440, 14313, '2025-01-21 00:00:00'), (1275601138, 14314, '2025-01-21 00:00:00'), (1275602738, 14315, '2025-01-21 00:00:00'), (1275629598, 14316, '2025-01-21 00:00:00'), (1275637418, 14317, '2025-01-21 00:00:00'), (1275705146, 14318, '2025-01-21 00:00:00'), (1275707874, 14319, '2025-01-21 00:00:00'), (1278737871, 14321, '2025-01-21 00:00:00'), (1287307108, 14322, '2025-01-21 00:00:00'), (1288183062, 14323, '2025-01-21 00:00:00'), (1288220731, 14324, '2025-01-21 00:00:00'), (1291539492, 14325, '2025-01-21 00:00:00'), (1292443049, 14326, '2025-01-21 00:00:00'), (1293395706, 14327, '2025-01-21 00:00:00'), (1293508608, 14328, '2025-01-21 00:00:00'), (1452253218, 14329, '2025-01-21 00:00:00'), (1745126767, 14330, '2025-01-21 00:00:00'), (1850626618, 14331, '2025-01-21 00:00:00'), (1940291445, 14332, '2025-01-21 00:00:00'), (1941063918, 14333, '2025-01-21 00:00:00'), (1971669849, 14334, '2025-01-21 00:00:00'), (2296978843, 14335, '2025-01-21 00:00:00'), (3310350711, 14336, '2025-01-21 00:00:00'), (4160056903, 14337, '2025-01-21 00:00:00'), (4220322906, 14338, '2025-01-21 00:00:00'), (4610243067, 14339, '2025-01-21 00:00:00'), (4611105997, 14340, '2025-01-21 00:00:00'), (4622191407, 14341, '2025-01-21 00:00:00'), (4670406221, 14342, '2025-01-21 00:00:00'), (5110001979, 14343, '2025-01-21 00:00:00'), (5410358856, 14344, '2025-01-21 00:00:00'), (5649970009, 14345, '2025-01-21 00:00:00'), (5649974543, 14346, '2025-01-21 00:00:00'), (5650136459, 14347, '2025-01-21 00:00:00'), (5659971962, 14348, '2025-01-21 00:00:00'), (5759939300, 14349, '2025-01-21 00:00:00'), (6210070426, 14351, '2025-01-21 00:00:00'), (6210080200, 14352, '2025-01-21 00:00:00'), (6479811755, 14353, '2025-01-21 00:00:00'), (6600140860, 14354, '2025-01-21 00:00:00'), (6600204771, 14355, '2025-01-21 00:00:00'), (9025369871, 14356, '2025-01-21 00:00:00'), (9043718002, 14357, '2025-01-21 00:00:00'), (9300713848, 14361, '2025-01-21 00:00:00'), (9421523374, 14364, '2025-01-21 00:00:00'), (11500054697, 14217, '2025-01-21 00:00:00'), (12749622900, 14268, '2025-01-21 00:00:00'), (12775280617, 14320, '2025-01-21 00:00:00'), (91020572892, 14358, '2025-01-21 00:00:00'), (91027720841, 14359, '2025-01-21 00:00:00'), (91027772577, 14360, '2025-01-21 00:00:00'), (94020007856, 14362, '2025-01-21 00:00:00'), (94020011404, 14363, '2025-01-21 00:00:00');
COMMIT;

-- ----------------------------
-- Records of reg_student_image
-- ----------------------------
BEGIN;
COMMIT;

-- ----------------------------
-- Records of reg_student_status
-- ----------------------------
BEGIN;
INSERT INTO `reg_student_status` (`id`, `name`) VALUES (1, 'فعال'), (2, 'انتقال رفته'), (3, 'بلاتکلیف'), (4, 'ترک تحصیل'), (5, 'فارغ التحصیل');
COMMIT;

-- ----------------------------
-- Records of reg_term
-- ----------------------------
BEGIN;
INSERT INTO `reg_term` (`id`, `name`, `from_date`, `to_date`, `is_current`, `year`, `dore`) VALUES (9332, 'نیم سال دی 403- 404', NULL, NULL, b'1', 4, 4);
COMMIT;

-- ----------------------------
-- Records of st_govahi_vaziat
-- ----------------------------
BEGIN;
COMMIT;


-- ----------------------------
-- Records of temp_test2
-- ----------------------------
BEGIN;
COMMIT;

-- ----------------------------
-- Records of test_table
-- ----------------------------
BEGIN;
COMMIT;

-- ----------------------------
-- Records of tmp_st
-- ----------------------------
BEGIN;
COMMIT;

SET FOREIGN_KEY_CHECKS = 1;
